-2.3944333	-2.0322852	-1.3107198	-0.32149613	0.50476795	0.5392476	0.32211557	0.28229436	-0.578379	-0.51390547
0.7883512	-2.9793699	1.4957807	-0.7427928	1.3781536	0.5429097	0.8211114	0.01811748	-1.4753873	-0.20982987
-0.72604156	-2.0679276	2.0604227	1.0811269	0.06142061	1.3945209	1.446468	-0.16437604	0.8352231	1.0399119
-0.70052665	1.5894232	1.23253	-1.2050346	-0.60652936	-1.0065293	2.53272	-0.33741254	1.6903342	-0.8533581
0.41595152	-0.30564985	1.0951815	-1.5314579	0.7677713	0.9014679	-0.82022774	-1.5340384	1.0780708	-0.45250273
0.26429147	-1.6853075	-0.7058243	0.47152945	-1.466713	1.1085085	-1.7234507	-0.0925939	-1.18091	0.5246316
-0.75267214	1.2329364	0.00013755259	2.0443664	0.6087663	0.66321707	1.824417	1.4910568	-1.381296	0.91718763
-0.6432886	-0.7461659	2.3074179	0.73848224	0.3792587	2.7806501	-2.1885278	0.19689237	2.1039975	-1.1346526
-0.5951833	-0.00031964734	0.87278324	-1.4981534	-2.7788901	0.54619026	-0.13701789	1.1847107	0.78691155	-0.3633509
1.0364581	2.0430954	-2.295416	0.048827022	1.421	-0.7451686	2.1974623	-0.40863335	2.203725	-0.40233412
0.7288933	0.65273595	0.5399809	-0.56987375	-0.31046405	1.9907012	0.21432231	1.3905257	2.1449056	-1.1817443
1.1917456	1.1418921	2.0327318	-2.3121595	0.2585539	1.3095099	2.0557356	0.048656467	2.7493207	0.1853384
-1.3016886	1.6273822	-0.5585088	0.56327796	0.19215104	0.86896896	1.8298875	0.66745865	2.550947	1.4953234
-0.62579626	2.0141988	2.0366132	-1.8026869	1.387296	0.99158126	0.27094132	0.82466	0.72347134	-1.3022705
-0.39756164	0.4694582	-0.982321	0.25036538	0.13251144	1.1649483	0.9098619	-0.8603417	-0.0031334788	-1.4152964
0.32385737	1.221659	-0.30624446	0.74895406	0.9514321	-0.98302394	-0.32701442	-2.036732	1.0595492	-1.3872632
-0.47900808	2.0920882	1.9243681	0.65321684	0.5697359	1.5279603	0.71844316	-1.232884	3.579633	0.23563026
0.7761688	0.40665647	-0.7879033	0.9956075	1.2310508	1.9688392	2.669206	0.47825983	0.6513659	-0.43993792
2.3759356	1.0392015	1.2667233	-1.607412	0.09006953	-0.9390689	1.4389572	0.28432304	1.4389327	-0.49954203
1.3321499	-1.7090544	-0.25497186	-0.5975857	-1.158157	-0.47500443	-1.817262	3.0831046	1.1500361	-1.7666997
-1.5705194	-0.116505876	0.81782025	-1.75333	2.2279723	0.5338377	-0.6368643	-0.43459004	-1.5782554	1.4827173
-0.6859034	2.633487	3.2588413	2.292695	-0.8882987	-1.0575929	0.16801566	-0.09056193	0.6499266	-1.9425578
0.4744212	-2.150596	-1.3587089	1.0203001	0.3694073	0.1579992	2.4196157	0.8907002	1.360066	-0.80462384
0.55949444	0.6296512	0.40461355	-0.919822	0.395824	0.75878066	-0.7075767	1.0238912	3.081705	-0.33669677
-0.80805767	0.6788737	0.8518043	-2.0947964	0.015370294	-0.9547424	0.33040196	-0.6995386	-1.9437293	0.029773252
1.9797562	0.622005	-0.89650655	-0.9651619	0.9269284	2.2960846	1.2737691	-2.2459044	-0.07860443	-0.80559635
-0.5552389	0.9353243	-0.6859878	2.0883415	-0.081642866	1.5641702	0.79268515	-0.35585165	1.3404193	-0.90024465
-0.14471431	-0.29783985	0.32821763	0.3185026	0.90941596	0.26211038	0.64827657	1.1464717	0.97598284	-1.3699914
0.22349666	-1.463735	-0.5932204	-0.44333014	-0.1974468	-0.9594752	-1.8902079	1.3354551	-1.0140281	-2.6818025
-0.32801825	-2.2940786	-0.23096791	-0.35621607	-0.07464198	0.29817483	-0.5114504	1.5106682	1.0335311	1.2137809
0.55009186	-1.6380277	1.9723941	-0.1444911	-1.6805546	1.5811359	2.2556074	-1.5336311	0.38479248	0.6093173
-1.0016025	-1.2530438	-0.84470284	1.5650473	-2.4438329	-1.3425212	-1.5157963	-0.45127478	0.4033269	-0.05434739
0.35665676	-0.017734941	1.6582087	1.5610124	-0.13659753	0.17939103	0.8949068	-0.8937028	-0.26144925	2.7007995
2.3989046	-1.5149341	1.9215413	0.41817418	0.8340262	1.5588351	0.7604631	1.8405696	-3.2226121	0.28103617
0.81147623	-0.084270686	-0.087046415	0.99944985	-1.0270643	-1.7232126	-0.54505694	3.355787	1.6715996	3.1898901
0.3369108	0.7595754	-0.28998908	-0.062270727	0.9210662	-0.48969784	0.91953534	-0.8521366	1.908586	0.8188183
-0.99823254	1.188091	1.2462579	0.5921391	0.593996	0.59583586	-0.757527	0.16297975	-1.2627078	0.8133403
-0.31734902	0.24702759	-2.9684048	0.4117651	-0.521793	-0.06236024	0.08175609	-1.1983424	2.4310632	-0.23962764
-0.49731886	-0.2345977	0.468821	1.4808565	-0.053498372	-0.0051940987	-0.0521323	-0.13398479	0.2423144	0.7212527
0.5095411	1.0667962	-1.5984441	0.3120784	-1.8079116	0.9393847	0.34820753	0.8445617	0.18617049	-1.588045
-2.2875085	0.9988203	-1.3219918	3.1386008	1.208335	-0.31872234	0.8165007	-2.596836	1.8878173	-1.7036421
-3.4518764	0.76735306	-0.63677096	-1.6876736	-0.9100845	0.06878167	-0.44143143	-0.21749958	0.7770415	-0.80351895
-0.3264022	1.3882982	0.30967924	1.2316815	-2.0793474	1.0659688	0.7903983	-0.7839109	0.7083132	-0.21801834
-0.32673365	2.0321493	2.3923304	0.7309219	0.02230369	-2.0097475	1.3332665	0.80508345	1.275458	-1.5183449
0.37403685	0.7346771	-0.64777297	-1.4778224	2.4192662	0.81410056	2.7759619	1.69034	-2.7338762	1.8390253
-0.01861202	1.6890812	-0.90820235	1.2779676	-1.336865	-1.1116627	-2.279795	1.034423	0.49686632	-0.017867066
0.23837648	-0.67320955	0.12312053	0.95699286	-0.042835917	-0.29870036	0.61219984	-0.18569948	-3.0836532	0.88955826
2.187758	-0.019055758	-1.1582321	1.2474751	-0.34455332	-0.31329662	-1.5063022	1.2728324	-1.952123	1.6427476
-0.37242785	-0.58890724	0.44781196	-0.09946766	-0.29108426	-1.2418633	-0.5095263	-0.060091894	-0.20885104	1.5148795
-0.8702668	-0.976216	1.024344	-1.8182932	-1.077798	1.1706822	0.13245296	-2.449772	2.4810061	-0.21877831
0.029629475	1.2570751	0.062860854	-1.7471299	0.07010132	-1.0091481	0.1724715	-0.9055426	-1.442167	-0.48814106
1.1089766	-0.33619893	0.37342212	1.0706547	-2.5207665	1.0007688	0.9611414	1.1647097	2.248978	-2.0795438
-1.2393973	-1.2200378	-1.2583089	-1.0099082	0.89341927	2.5074654	1.1522567	-0.08951542	-0.02120081	-0.4114522
1.6565635	-1.7904751	0.10038257	-0.031039516	1.6381531	-1.5945904	-1.0580406	-0.4062565	2.3656914	1.0117068
-0.04504303	-0.41497183	-1.2740437	1.993033	-0.6239359	-0.17281364	-1.0610934	1.7736202	-1.2178909	-0.78979945
1.1605723	-0.81690747	-1.0053713	-0.64711636	-0.09193438	1.9171588	-0.6271419	0.12453367	2.5313165	1.9595084
-0.5610525	0.93116456	3.1166592	1.3283685	1.6574403	0.26897743	1.0011929	1.2792569	0.4980792	0.29733735
0.24659534	0.9854023	2.0058818	0.42893848	-0.58655775	0.6371011	0.48305905	-0.624843	1.0898213	1.6960016
-0.18065204	2.3947177	-0.09228048	0.942599	1.8853327	0.52546453	-0.84023446	1.1792142	-1.4692969	-1.573999
1.1838479	0.59318185	0.4371522	1.1569011	0.23020972	1.4017918	0.78325814	2.7877676	2.7373307	-0.56758887
0.5803289	-0.33360913	2.052315	2.3388586	0.33278015	-0.53314036	1.3534726	0.09045443	0.37656456	-1.7013221
0.5008861	-1.0007483	1.348493	0.34130478	-1.6725222	1.438039	-0.9403027	-0.4222735	-0.11303694	0.99559677
-0.14402942	-0.6584334	-0.34272838	1.4400243	-0.3232237	-0.795396	-0.49449015	-1.9250737	-0.70599234	-1.2516243
-1.3967178	-0.5912472	0.71569765	-3.1809964	-2.3330083	1.473143	-0.27995214	0.952695	-1.8648078	1.816828
-0.76271534	-2.0707197	-1.2457064	-1.84575	2.0673695	1.1112915	0.1443962	-3.4159076	1.3541716	0.051359095
0.54405046	-0.9343745	1.0517826	-1.1091835	0.036598615	-0.5796017	0.07069665	-0.12543935	-0.29420426	-2.2674708
1.72701	0.27156338	-0.8575002	-0.45704564	-1.1412497	0.8257763	0.93640745	0.35670197	0.5740767	-0.057572573
-1.6925964	-0.55124426	0.06913048	0.26368997	-1.5580695	2.061057	1.1533962	-1.2870259	1.2207152	0.44606528
0.2690821	0.8065788	0.34661615	-1.0999863	-2.5386636	-0.82425565	0.46182778	0.7706972	-0.8929077	-0.51466244
-0.056888893	1.3508683	1.087168	2.1566012	-1.8630952	1.572818	-1.4024738	-1.08145	0.4553559	1.167397
-1.0593708	0.93945193	1.2171046	0.023242349	-1.1568317	-1.1830944	0.6665882	1.9679337	1.1090556	-0.04604372
1.0489345	1.9026892	-2.0216348	-2.2337217	-1.5230708	-1.59454	-0.042142145	1.5471615	-0.46513966	1.8555683
-0.3513913	-0.34741712	0.08700823	0.6387612	1.393833	0.21158186	0.2921642	-0.6278215	-0.44594783	0.64618117
0.72436774	-1.2559377	-0.05904709	1.6175569	-1.022047	0.9324571	1.569577	1.6028411	0.9241201	0.20246467
0.18734892	-0.21022312	-1.9411187	-1.3938633	2.9319434	-1.9788585	0.39964694	0.5157441	-0.42184332	-0.8262146
-0.18044282	1.457189	0.6202367	0.21523914	0.29659438	-0.23352847	-0.36052224	0.866023	0.9226044	-0.6682651
0.50406885	-2.521853	2.9222574	-1.8373536	0.872372	-1.0514916	0.9008282	-2.6977293	0.43848318	-0.5837628
0.49840853	0.18587758	-0.29149276	-1.45155	-0.5155965	0.73210156	-0.97486794	-1.6829436	-0.19725332	-0.41379574
0.26159313	0.7577062	-0.44290304	1.3982078	-1.5745876	1.5934031	-0.90287465	1.062223	0.5711914	1.9772364
-0.9789601	-1.1483921	-0.2872668	0.3657373	3.667765	0.1959537	1.0654583	0.33635157	-1.8353324	0.6284198
0.7200231	0.817022	0.8405067	-2.7397168	1.3785082	1.4687235	0.7443291	-1.5340141	1.0431067	-0.62065357
0.64646727	-0.13676141	0.3984225	-0.23613319	0.26497197	-0.26930285	-0.29327905	1.2329862	-0.28622928	-0.40899208
0.0022610996	-2.7818546	0.77478665	-0.6303168	1.9834561	-1.4119312	-1.8140601	0.3587766	-0.033831857	-0.81004184
1.1338706	-0.5773006	-0.83407	-1.3095752	0.014513014	1.6181407	2.1998403	-1.508724	2.4889662	-0.0922645
0.72434586	-2.7069488	1.5810754	1.7015619	0.48376834	-0.5302006	-1.5003306	-0.04008572	0.6604106	-0.6156191
0.40328285	-0.48853177	-0.02532164	0.8250933	-0.97438717	-0.71296257	0.105276644	1.3535621	1.1407571	0.32303554
0.5050445	0.20963934	-0.0009124288	-1.8247447	-0.8221882	-1.1905249	-1.9105678	-1.2171155	1.8032334	-1.070717
0.39407834	-1.4954407	-1.8176341	0.37229618	-0.5979112	1.811263	0.030441247	1.6197146	-0.63372165	-0.09069074
-0.47379398	0.29367384	0.62689483	0.42816478	-1.1377172	0.48786053	0.92016613	-0.09586723	0.34053072	1.9294705
2.394944	-1.5252274	1.764073	-1.1759807	-0.63996184	-0.6999104	0.47336718	0.5353559	-2.0584145	1.9458549
1.3350986	0.9319063	-0.093706265	-0.58505946	-1.3365514	0.9773509	-0.8744994	0.8026669	0.46671432	0.9167528
-0.44455597	0.1043573	-0.4619872	0.2784172	0.70555246	-1.3449153	-1.8991646	-1.4642448	1.4140391	-1.6016577
0.06379807	-0.136861	0.60253227	0.85854363	-0.24924774	-0.010394564	0.9234385	1.3443738	-0.9998819	0.36458522
-1.3106302	-0.11348209	-1.952181	-0.9972989	-0.88385904	-0.0759875	-1.2092983	-2.4082913	-1.8000656	-1.0507295
-0.7353989	0.49339506	-0.28357777	-2.608879	1.3879546	-0.7503676	0.4116836	0.13400042	1.2122078	-0.9850912
0.77306074	1.3269867	-0.8048118	0.8414002	0.23830725	-0.26819557	2.7457497	-2.3857949	1.6667188	0.20837544
0.1424895	1.9720353	1.7949783	1.2069238	0.10535258	0.81933755	-2.006616	1.0890652	0.13927034	-1.6723309
1.0958273	2.0105052	0.08956765	-1.2664436	-1.3210541	-0.34190527	-2.2908566	-0.19124791	-0.299293	1.4629438
0.9491742	0.68289393	1.2909974	-0.41447788	-0.66074586	0.70243925	-0.7996086	1.4892093	-1.3760996	-1.3993127
1.4223362	-3.0459638	1.5749443	-0.534911	-0.41808802	-0.67707604	-1.1076562	-2.300912	1.3465923	0.3413719
-2.1654458	0.49776387	-0.5214683	-0.43633544	-0.874587	1.9000953	-0.36084434	1.1177033	-0.023430772	0.34833086
-1.9284774	0.13238761	1.0085804	-2.171166	-1.2515583	1.4678689	1.9139347	0.4208345	3.3350952	1.5805506
-0.051533405	-1.011839	1.1914101	-1.2781358	1.1695495	0.9849394	1.1149766	1.6050985	-1.3077414	-2.1729214
0.052042384	-0.5317618	1.4113901	-1.526931	1.3949301	-0.29156616	0.115300305	-0.8483139	0.008456664	0.4430526
2.101569	-0.2509009	-1.1448236	1.6085675	-0.2670219	-1.8152075	-1.734683	1.0579302	0.35539386	-0.7232784
2.4604826	0.5991968	-0.15535928	0.42135546	-0.44681126	-0.18329282	-1.7333847	0.6201196	-0.38135728	-1.7211019
-0.61157924	-0.6655184	-0.42746624	1.9783088	0.46238104	-1.7117565	2.4040542	-0.13070887	-0.13105643	-0.8534839
0.08232071	-0.56702006	-1.1126248	0.7998704	-0.26165742	-0.041815665	1.6782168	-0.576026	-1.2298768	0.73786837
-1.4783052	-1.219338	-0.72641903	1.3887051	-2.7917771	-0.2643306	1.5853937	-0.22200966	1.8232667	0.7150882
0.00022392478	-1.3024397	-0.17822102	-1.5031598	-0.0809289	0.709753	-0.8322428	0.89751726	-0.35753995	-1.5241357
-0.29715973	-0.15586212	-1.0258176	1.616965	-0.5148296	0.14838597	0.27945077	0.50604403	-0.45377114	-3.3053544
1.2740713	0.8099392	-0.88923645	-0.3754239	1.3669802	-0.7289524	0.7820016	-1.5091891	-1.8701138	-0.6449602
-1.12133	0.9879228	-1.1911736	-1.1965754	-0.576631	-1.5844053	-2.3149562	1.508337	2.3786428	0.42105982
3.4658372	-2.245061	-0.1965493	1.9866099	-0.52743185	-1.9280119	1.7877039	2.059704	1.5751917	0.4601059
1.5618173	-0.38560283	-0.13899298	-0.18601553	0.56381375	1.0134467	0.7543033	0.49956325	-1.307518	-1.6422095
-0.75082344	-0.9881536	0.29048654	0.0064534484	-0.46881065	-0.020427147	3.139604	-0.7154751	-0.26470512	0.5402151
1.8286824	0.32320166	1.5528463	0.8436095	1.212338	-0.36107984	-1.04472	1.4965712	-1.4222833	0.54963046
0.4385725	-1.6406506	1.2590117	-2.2035336	0.115661226	0.34718388	0.12444669	-0.86607045	0.047373205	-1.0288068
-1.8601353	0.5315867	-0.6432468	0.2486939	0.7446331	-0.9192587	1.0389072	0.20541647	-0.9445874	-0.6814631
1.5307115	0.31984913	-0.74338216	-1.25641	2.2807846	0.06875635	0.2885827	0.31564975	1.5699406	0.00694769
-0.0799259	0.78529346	-0.8910365	-1.2135079	-0.24547444	0.04218708	0.4050476	-1.1175749	0.3152539	-0.6905431
0.7304741	0.5297668	-0.11991316	0.31029233	-1.5073872	-0.5599666	-1.5115194	-0.50543267	1.5562149	-1.2670852
-2.2215765	-0.2754212	2.6616178	-0.46964565	-1.570583	1.9021684	-0.40415034	1.7117897	-0.35381857	0.024462922
-0.09934587	0.52299726	0.3153444	-0.38142407	1.1637661	0.5150906	-1.6751934	-0.83355033	-0.8560327	1.8258673
-1.8395013	-1.800478	0.54029167	0.18270795	0.34447455	-1.3210725	-1.7148275	2.2872076	0.01912917	-0.60286057
-0.45605588	1.4987606	-0.85119224	0.2935659	0.99392945	0.7297819	1.843132	1.9081877	0.53450793	-0.78857785
1.4459345	2.0155606	-0.69577867	0.7450327	-0.6829632	-0.8043035	2.4112933	0.23773651	-0.4508325	0.2974881
-0.98326653	-0.51514685	-0.018020714	2.8366578	0.5894047	-1.3175801	-1.8162948	0.5914877	-0.5985718	0.29127112
2.5933266	1.1687684	-1.3783833	-0.07922139	0.12211032	2.1395729	1.8515323	1.5649575	-1.2058794	-0.48460343
0.13671422	1.341157	1.6533011	1.530083	1.0657374	1.1331877	-1.4554001	-0.095019154	1.8557959	-2.5512846
-2.4331594	-2.7298539	-2.2758453	0.0062807463	-0.49513012	-0.7441694	1.873624	0.25080433	0.026442502	0.27773154
0.773112	-0.11759263	1.677292	0.005757368	0.17785998	-0.5066844	-0.8648341	0.35048994	-0.5741645	-2.1432912
1.3302916	1.7578951	0.5571438	0.9422204	1.7617342	0.93534607	1.7522849	0.6957808	-0.8218991	3.1898866
-1.0523531	-2.2737582	-0.2483331	0.87670535	-1.3534179	1.2433082	-1.6260414	1.6526252	2.1721857	-1.026292
2.792198	-1.5555274	-1.8299972	-0.03169174	-0.25007513	1.511813	0.7120068	2.1576097	1.7288748	1.4027767
0.2366932	-1.594874	-0.1266296	-0.49615535	2.8514595	0.94592386	3.0592375	-0.22708362	1.522363	-0.25861156
0.24037483	0.39461097	0.2992549	0.4568577	-1.2300233	1.8973562	0.03483998	-0.88634086	0.36755756	-1.1750051
-0.12004382	-1.023704	0.48224473	1.235156	1.2711083	0.1110648	-0.6799564	-1.3110099	1.2813698	-0.52211744
-1.570001	-0.1682461	3.632402	0.8884595	1.5088171	0.59501874	1.6710465	-0.40119082	-1.4241784	-0.086793266
-1.1803762	1.1172193	-0.118310004	1.1153059	1.0560403	1.2080234	-1.0599158	0.9184342	1.7003089	-1.1872457
0.35756287	-0.8206088	0.720485	-2.873257	0.70072645	-0.9813066	2.009442	0.18214124	1.053147	-0.047067735
3.2728987	-1.4327376	1.268166	-1.0091664	-0.58802	-0.7525763	2.6215672	0.034832854	-1.4831387	0.83454204
-0.34834495	0.5504766	-0.5036058	0.38228118	-0.5918883	-1.2605962	-0.39541453	-1.2072568	1.0990155	0.7031836
0.10883515	0.1817075	-1.5920513	0.2960936	1.216204	0.118008174	0.69584465	-0.3355021	0.4207278	0.34841278
0.24002042	0.3575132	-0.72760314	0.1667289	-1.5258116	0.7156203	-2.6050339	-1.3225001	1.549754	1.4795208
0.2656271	0.73155344	-1.5600877	1.619093	-1.5190418	0.38425592	-0.24435727	-0.61673844	-0.834765	-1.2603643
-1.4621032	-0.3382576	-2.6285648	-0.1698598	-0.47717804	0.9759225	-0.7604124	1.7318226	2.001911	-0.61575353
0.89632046	-0.17071094	0.32613474	-0.96950364	-1.2941369	-1.414833	-2.2348125	-2.0752125	2.1214066	-2.31025
1.3469454	-0.20524956	-0.9150154	1.5225016	-2.2575076	-1.6742996	1.0976386	-1.646937	-0.07138397	-0.018638343
-0.23914358	-1.9213835	1.0557902	-0.8783269	0.3545777	0.9297294	1.2399887	0.87706083	-0.16927494	-0.39547303
-1.7292739	-0.22466663	0.9243555	-1.5446093	-3.0319488	-0.56157535	-0.3590621	-0.2941946	0.44918504	1.2174699
0.23406096	-0.7769515	-1.4846983	-2.2450354	2.2525272	0.9156039	0.41047794	1.53177	-1.9535909	0.89967674
1.7329416	0.75778276	-1.6208011	-1.4021579	2.170367	1.0150298	-2.19494	2.1827974	0.07003022	-0.44249696
-0.016084198	-0.67005056	-0.16008314	-2.491928	-1.0650257	1.6555219	-1.0893987	0.28371772	0.15780488	-0.02329663
2.5976095	-0.038730584	-0.6497088	-1.5626842	-1.2959803	2.651028	0.6044739	-0.79536694	0.24696812	0.41268566
-1.8341206	-2.390686	0.42556444	1.5489162	1.4403694	-0.33724087	-2.0826337	1.447975	1.2314126	0.078783244
1.5355461	-0.5499675	-1.1189252	-0.6699405	-1.8453857	0.25135148	0.18904604	-0.092779495	1.4448615	1.3723009
0.15315527	1.6381106	-2.6102653	-1.3245416	0.10809988	-0.26820415	-1.2697549	-0.8349291	-0.92287225	0.269717
0.82326823	-1.0771233	1.387121	0.8641983	0.122605264	-0.74853504	0.9774782	-1.491867	-2.3028798	-1.0747958
-0.54062074	1.0951471	0.029302603	0.25937402	1.0558678	0.8132418	-1.9933645	1.7248062	1.2845488	0.36379808
-0.67080677	2.1051276	2.742341	0.1736874	-1.0918293	-0.09773541	1.3383641	-0.23192212	-3.3308752	0.06711405
1.3885723	-0.7443545	-1.2905238	-0.7037264	0.99334556	2.6238391	1.2318188	1.3073369	1.8986652	-0.3051204
0.7873907	1.0423487	-1.885437	0.5670884	1.6941601	1.4066821	0.2352271	0.7137131	-0.069017604	0.10158924
-0.2165516	-1.7903079	-0.51582295	-0.5296015	-0.50691766	-0.71023643	0.5979534	0.5049163	0.70915353	0.18590936
-1.8241584	-1.9163966	-0.6635177	0.7614057	-1.4617252	-1.5202162	0.7179071	2.9248676	-2.204944	1.2999448
-0.15817007	-0.39520615	-2.6717575	1.8573433	1.8680743	1.4595823	1.7560147	-0.21180901	0.035184544	-0.28466162
0.9045012	-0.26796475	-0.7682345	0.3111101	1.8872083	0.9048052	2.656788	-1.046651	-1.775515	-0.34782764
0.237629	3.829146	-0.569722	-0.327814	1.4412004	-0.38025555	0.6873779	0.045452904	0.55006	-2.942078
0.99601084	0.61612874	0.23879878	-0.3188236	2.4042222	1.6051162	0.6446468	0.5788587	1.0659717	-1.5188538
1.8878275	0.0048758844	0.2077675	0.69746155	0.06628251	2.0653732	1.4379133	-1.7968584	-0.47198197	-0.77570933
0.5077102	1.4705211	0.900531	-0.9272558	-0.38457957	-0.80838305	0.94222903	1.2809136	-0.15120682	-1.4798112
-1.335057	0.87931764	-0.8175377	-1.2991643	0.017022522	-0.90263456	1.0444084	0.30475983	2.3684533	1.4352719
0.5193804	0.029647283	0.5401866	-0.19204925	0.78346294	1.5303718	-0.6136305	0.8756736	-1.3470966	-0.3387645
1.0803201	0.10466944	-0.8861719	-0.88905525	-0.09556789	3.254218	-3.6351051	-0.33984706	1.5700653	1.8111482
0.39322075	0.32181093	1.3884107	0.6073856	0.3602728	-0.79696465	-0.25539726	1.2785954	2.0391808	0.48666677
-0.9186061	-1.1391475	-2.2896607	-0.014963164	-1.1958373	0.8356063	0.26624516	0.8060687	1.3848102	-0.28874117
1.398419	-0.9226779	1.5426236	3.3749468	-1.6512339	0.43057054	-0.8436051	2.687943	-0.861031	-0.34366748
-0.63500935	0.8190078	-0.5591538	-1.0587374	0.11524512	1.2720838	-1.5548494	0.9672188	0.9603907	-2.8468146
-1.2807329	2.0073543	0.29022503	1.308894	2.342957	0.41494253	-2.0547476	-1.4980774	-0.12654246	-1.0069028
-2.2166598	-1.1692767	0.515291	0.64143693	0.5445324	1.2821321	0.8061034	-0.29106095	-1.2296828	2.1432223
-0.10787496	2.1476438	-1.990296	1.0360717	-1.3042325	-2.0604112	-1.7072	-0.9553194	0.35939345	-1.2753369
0.88411236	1.5575614	-3.2687674	1.3103001	-2.3822503	-1.1661612	0.61809915	-1.0529932	-0.5639858	-1.3350445
1.6019974	0.78432417	-1.8340353	0.77209	-0.41058022	1.4076693	-0.05640068	0.9861035	2.736117	-1.1834332
-2.1670098	-0.5683289	1.4806582	1.0441753	-0.2292886	-0.57307196	-0.5375372	2.0286124	-1.3589407	1.2950097
-1.3253195	0.9545089	-1.7255951	-0.047526304	-0.2803501	-1.0706685	0.65420043	-0.9104903	-0.96460205	1.6778666
-0.5675696	0.631617	0.58974266	2.2963867	-3.2284749	0.21900605	2.2476451	-0.37180322	-0.7546736	0.9478191
-0.88269246	2.2852914	-1.8900605	-0.13338155	-0.9138463	1.3958672	0.21842869	-1.2616676	1.502736	-0.46862864
-0.63780105	-0.7398098	-0.39971787	-0.94915026	-0.3005529	2.234832	1.5311941	-0.3846171	0.09213233	0.99508095
-0.7195212	0.7683189	0.37115675	0.623891	0.04349027	0.06202847	0.74349636	0.3263028	-0.39127302	0.2996512
1.347809	-0.5839828	0.8892812	1.0276304	-0.20883343	-1.726561	1.1152512	-2.350041	-0.7845344	1.8907152
1.5518873	0.586185	-0.45004436	-0.86916375	0.65297806	0.51996744	0.48056397	0.60533446	-0.5767107	-0.1641875
0.05113509	1.985651	-0.79143775	-1.5318223	0.035905875	0.15772365	-1.306789	0.2883047	0.65765536	1.2509651
1.6252793	-0.29851398	0.46553594	-0.69457304	-0.013053546	0.2539455	3.3325253	-1.6770061	3.1261487	-1.3496451
-0.78445894	0.4802987	-1.0824682	-0.28549623	-0.1507315	-0.06911863	0.28438243	0.8685865	-0.36528713	-1.6179653
0.6585504	-0.3332506	-1.880725	0.39360726	0.7245531	1.160357	1.4046093	0.58781725	0.35750365	-0.56739205
-1.0015422	1.0516049	-0.809515	0.7022008	-0.8836106	2.7897966	-0.5297364	-0.2627242	1.0712596	0.9991969
0.14985988	1.3461852	0.28278142	-0.5204924	1.0171999	1.5758404	0.6128509	-1.1213843	-0.34365222	1.446883
1.4405864	1.4694797	1.0770478	0.3622982	-1.5016702	-0.60296625	2.6836314	0.43559295	-0.549837	-0.6681563
0.5713363	2.0338523	1.8442856	-1.1738068	0.81304514	0.0039168717	-0.659683	1.9516069	-0.91179	-1.5205284
1.1633892	-0.02958957	1.4587975	-0.60708934	-1.4690772	0.7062822	1.2899644	1.2553934	-0.1511685	0.87408245
-2.9978774	-0.7093965	0.5893776	-0.030258281	-0.41152534	-1.044175	-0.7289576	-1.556368	1.7272414	-0.3446358
1.4855855	-1.5984432	2.3116572	1.3215607	0.36188048	-2.7845716	0.4787638	0.69644797	0.10070523	0.2324025
-1.0819604	0.18930478	1.2282518	-3.2895353	0.7263409	-0.68744975	-0.20517245	-0.23165685	0.6181632	2.5964081
0.38875434	2.012877	-2.1749535	2.5945878	-0.23991793	-1.6430682	-0.8338589	-1.3162706	-1.2097961	0.030374315
-2.2363462	0.8112409	0.9207973	0.062496778	-1.1755329	0.2369309	-0.774329	-1.7361844	2.276401	1.3442583
2.4203348	2.3103676	-0.89508617	0.35766914	1.9819623	2.7131305	-0.06549363	1.5644647	-0.71938205	0.5848098
0.1572599	-0.8154276	-0.92566687	-0.3835846	-1.1406497	2.7532723	0.7400295	-0.25054878	0.82713795	1.1241319
-0.6363107	-0.31257722	-2.1520789	1.811253	1.7945502	-0.39850745	0.07645575	-1.6187489	-0.75043905	0.8974506
0.10960793	-0.78739035	-0.015982827	2.1646705	2.220144	-0.46570772	0.84725	2.695755	0.019981848	-0.73485744
3.0203052	0.12779066	-0.22545825	-1.46247	1.2216307	0.13667099	-0.3938966	2.046591	0.9364305	0.40241835
-1.844329	0.1255106	1.5860823	2.0816839	0.38704917	1.0957117	3.0934618	-0.6719968	-0.21160099	0.9359948
-1.0106378	-0.81136495	0.22498761	0.3940071	-0.5772971	-0.6797856	-0.39767888	-0.26921132	0.12735437	1.6570127
0.7914937	0.29272386	-0.12236567	-2.8725083	2.2034924	1.2398316	0.30729684	-1.2714347	2.567847	0.43999046
-1.893871	-0.397043	-0.6153457	1.8444127	0.2562854	-1.1012883	-1.1976851	-0.22902663	0.3415583	-0.4460015
-0.2775004	-0.35063675	2.3217583	-1.5746957	-0.879373	0.5152906	0.72669184	0.04186134	0.28366017	2.371774
0.09148353	-0.84157646	1.1946863	1.4144359	-0.63147855	-2.362504	1.2754862	2.0724938	-0.07575888	-1.3859541
-1.4656662	1.5598519	1.3269045	2.2201793	0.23390332	-0.71902704	-0.922822	-1.2761875	0.4755612	0.32671332
-1.1912081	1.0064727	-0.08063121	0.36442176	-2.0822663	0.44541308	-2.0257552	3.6623187	1.6793712	-0.30577153
1.18011	-1.0229703	-1.7304546	-0.6680069	1.1203403	-0.5990119	2.60157	-0.40435824	-0.17119044	0.09852157
-0.19092932	0.72960377	0.766345	0.67982435	-0.88403827	-0.45888394	0.32979092	-2.0956388	-0.18584134	0.3320921
-0.46963724	-0.48334256	-0.2676839	0.08910597	0.015768033	1.039205	-1.7755107	2.998628	0.18151453	-0.7921413
-2.815183	-0.9441843	-1.6868505	1.6001163	1.15067	0.3036565	-1.0089389	0.6820461	-2.5283685	-2.138136
0.75390893	1.2839242	0.18151334	0.24577326	-0.41155332	-1.779968	-1.9716268	0.68456304	0.000574967	-1.1459328
-0.50816596	-1.0596882	0.95453453	-2.823691	1.3426542	0.3740836	0.039763927	0.5147042	-2.117394	-1.625656
-1.1854212	-1.2946821	-2.0263875	1.9830884	-0.05149439	0.42411414	0.8709623	-0.24249825	1.8551332	1.5941447
1.9473194	-0.91335666	0.0070484653	0.73319656	2.3672326	0.55934113	-0.009905022	0.79360807	0.4151646	-0.14248581
0.46905333	-1.3230796	-0.18259503	-0.6663104	-1.3329145	1.0438049	-1.2051485	-0.11175214	1.043822	-0.13154188
-0.5002146	0.7663706	-0.8744603	-0.040058658	-0.91223973	1.0718868	-0.30537176	-0.44288844	1.0249949	0.44609147
-1.7930236	0.7244825	1.3574711	-0.70292395	0.96960264	-0.59559363	-0.108000584	0.6998324	1.9071447	1.1566691
-0.99124837	1.6618819	0.37231714	0.89829236	1.378329	-2.4412901	0.625962	1.4874157	-1.0241183	-1.1335783
1.2068384	-1.4391826	-0.5267249	-2.6379607	-2.043336	-0.48932248	0.6674626	0.3304401	-0.5292069	0.21662512
0.2806406	-0.27109328	-0.24051587	0.55562955	1.121009	1.4073199	-1.1001296	0.29216716	1.9068416	-1.9377013
-1.2865113	-0.58938456	1.9813334	1.410248	-0.5376692	0.68320054	-3.1339152	1.4511136	-0.29266647	0.25142115
-0.1725931	1.1378645	-0.3039284	-0.10692793	0.24464266	-0.18692334	-1.0527465	-1.7579089	1.7517507	0.8577582
0.8580573	-2.573179	2.4876542	0.94928694	0.33075148	2.8808873	0.7755423	-0.26544103	-0.5772518	0.0136299245
0.80197734	-0.100390844	-3.515508	-0.68555677	1.234771	0.584526	1.704977	0.049229514	1.6911107	0.8615195
-1.0940659	-2.5127301	0.23390806	1.8143065	-0.36763304	1.8115364	0.8679141	1.0919427	-0.69786745	1.7212324
-0.65727264	0.47555578	0.5490577	-0.3150323	-1.2424744	1.0371087	0.45971623	-1.6940478	0.14384568	-0.6014586
0.4727104	-0.08664847	0.46461043	-1.2823164	-0.0028136005	-0.5808428	-0.3705229	1.8661096	0.8441276	1.8800908
-0.5264686	0.33518222	1.0722337	0.82117105	1.3838053	1.2451785	0.48949337	-0.6897005	1.937876	-0.055870607
1.3773813	1.4038292	1.498529	-0.6351803	-2.033246	2.3815372	0.074229054	-0.9940096	-0.044660516	0.83804065
-0.0713879	-0.20924017	0.3216094	-1.0098042	0.22947684	3.7227316	-0.98463964	3.291433	-0.5877017	-1.7164955
0.26579717	2.7019627	0.81722885	-0.9535063	0.14529908	1.6941112	-0.4422442	-0.665815	-0.19438303	0.26756576
-1.9559313	-1.3147988	1.1031733	-2.0126832	-0.36724663	-0.071614414	-2.225211	1.7290293	1.7676599	-0.5833487
-1.5640274	0.77092594	-0.052142445	1.2019818	-0.11488528	-1.2709447	-1.3367127	0.3030271	-0.23217362	-0.53108424
-2.2232375	-0.99769014	0.38678798	2.0377095	0.010366845	-0.25239196	0.379823	-1.2082163	-0.42877978	1.4097788
2.114189	2.2067454	0.5777457	-1.2236358	-3.1335726	-1.3666565	-1.093559	-1.4667943	1.1860944	1.1282394
-0.56255955	1.4324837	1.5324674	-0.64582074	0.11650356	0.59536815	1.8726703	-0.3604415	-0.68493754	0.77537346
1.8288305	0.5216783	0.30264866	2.2330098	-1.4132708	-0.2448054	0.57920516	1.6393683	1.8967844	0.2801873
0.2545545	0.82370216	2.0141737	2.9736042	0.45606175	0.5331772	-1.6057398	0.794118	-1.4610077	-0.23638579
1.1894791	1.6474783	2.6873236	-1.2265207	0.9714601	0.3626149	-2.1417098	-0.25262964	2.0616605	-0.8182374
-0.27181834	-0.5155678	0.24877526	0.18661278	-0.20102704	-1.2104872	3.2851593	0.42841828	-0.043155313	-1.7058159
-2.7199843	0.51372147	-1.3084098	0.3371741	2.278803	1.8151244	1.1669376	-0.9017749	-0.525328	-0.5820981
-0.1713914	0.3020655	0.2836432	-1.726015	-1.4742304	-1.7271184	-2.2458947	-2.5886154	-2.184024	-1.2950445
1.1301414	-1.4901903	-1.6727486	1.8053379	0.22858013	0.5490447	0.43597758	-0.033686984	-2.155908	-0.18939835
-0.88400763	0.97619194	-1.066899	0.2812109	-0.9054032	0.9481402	-0.3675205	1.8831874	0.3010919	0.53693086
-0.048267167	2.7362204	-2.1731398	-2.3046346	0.7124615	0.5183408	-1.2923567	-0.026503893	-2.6739552	-1.7013212
0.85495734	-1.0984482	-2.0510802	-2.0486212	1.4283956	0.16935135	0.8689623	-0.044202678	2.1255803	0.58968794
0.2968105	1.3784498	-0.5282624	-0.55228347	0.112245426	0.04618308	-0.07668049	-0.026636867	-0.3478445	-0.9402061
0.5536489	-1.602958	0.74964803	0.9756824	0.2559388	-1.192086	-1.8600982	0.035395462	-1.2760365	-0.6775966
2.7873976	-0.07365205	1.5674598	-0.49803564	1.2905259	-2.3439586	0.589426	-2.4370613	0.9678895	-0.8952512
1.5133452	-1.2772467	1.3248904	0.7069417	-0.27478522	-1.5180266	-0.22456093	-0.44435647	0.82970315	-0.12171879
-0.8021237	-1.4715892	-0.46327636	1.9684346	-0.09467978	-1.3507531	-1.9331503	-1.7170036	0.86674625	-0.8644482
-0.35471585	-0.30614856	-1.6620321	-0.6794407	-2.2162602	-1.5080326	1.6408492	-1.2224894	-0.54129046	-1.3653636
-0.9769423	-1.66128	-1.1938311	-0.0960044	1.6371583	0.1538266	0.31145942	1.2773871	-0.3220294	1.0289985
-1.826737	1.2735844	-0.42481747	0.9303125	1.5310532	-0.28975043	-0.072815135	0.0057519167	-0.18667114	-1.8244344
-0.3524448	-1.3708631	0.929022	-0.6144993	-1.0812955	2.310102	-0.75157595	0.72633797	0.9846165	-0.21678449
1.4990817	-1.0707563	1.3863796	0.544357	2.519325	-0.86367387	-0.16902027	-0.5066172	0.7868704	1.9038723
0.10729495	0.08682244	1.0587492	-0.4616334	-0.3169383	-0.05370339	1.8643318	-0.49956813	0.66469467	-0.5966998
-2.5895293	-1.6249483	-1.6776582	0.15245561	-0.7409099	1.725828	-2.1883378	0.33512977	-1.2901229	1.7449063
0.25778937	-0.658505	1.0529575	0.78761166	-0.33006015	1.1006857	1.2631891	1.497134	1.3890656	-0.40329197
0.49913242	1.6233971	0.41356623	-0.96404135	-2.031828	-1.3781664	0.37092614	-0.9838288	1.5843508	0.05537554
1.5047022	-1.1495094	1.805261	-0.22352156	0.6462681	0.30219236	0.4928903	0.7339358	-0.7910711	-0.22186182
-1.6017154	-1.251659	1.6417537	0.12156402	2.3414989	-0.85225844	0.9741839	-1.755842	1.9674522	2.0528283
-0.32055196	-0.28538758	0.6132578	1.3842673	-0.70170796	1.8054171	0.5882639	0.88281465	1.3963714	1.3444165
0.026007349	-0.20608795	-0.26002237	-1.0150067	1.3302876	1.4425324	1.2347679	-0.29286787	-0.39218026	-0.44226387
-0.3741781	0.6944232	-0.84954554	0.99124897	-1.844722	1.3246976	-1.7976161	1.1162773	2.253741	-1.97498
0.50545794	0.15992194	-1.0286151	1.885348	-1.8866541	-1.9833446	1.9239357	-2.094433	-0.14105897	-0.20497777
-1.927147	1.3728874	1.4105656	0.9099103	-2.242418	1.8210293	0.3932766	-0.44370833	0.011485803	-1.1089531
0.8187617	-2.1222346	2.4627473	-0.11130933	-3.0479958	-2.9601624	-1.6633962	0.07380654	0.14429021	0.103448875
0.5978074	0.9346028	3.134604	-0.8152853	-0.93290204	0.71722525	-0.58905745	1.7749698	-1.1151131	-0.053954136
-0.4601667	0.93199575	-0.70956266	-1.320964	-1.7172647	2.953557	0.5300985	1.7134902	1.316868	0.5653581
-1.8763299	1.2142771	-0.45493883	2.518094	-1.821706	0.15314384	-1.3019083	-1.3011822	2.2986796	-0.6071736
-0.18958345	2.022061	1.2908807	-1.5393097	-0.3712072	0.7934638	-2.8281484	-2.3480058	-1.4812824	0.47694325
-2.0819077	0.849363	0.71061957	-2.1036162	0.44085908	1.169026	0.36411172	-1.0474163	0.8371806	-2.9479315
1.070978	1.7784927	0.18755764	1.3499554	-0.20471881	0.60677904	1.341622	0.18219021	-0.7514779	1.8190323
-0.19030325	0.26505667	1.152987	-0.08910282	-1.1093041	0.26657188	-0.8563908	-1.6862084	-0.72752434	1.8261762
1.4290007	0.94818956	-0.20351166	0.66094154	-1.3795077	-0.20625517	-1.2757013	-1.4549507	1.8294266	-0.31972802
-1.4575313	1.1204913	0.93546283	1.0849558	-2.369692	-0.05721484	1.8625188	-0.52677697	0.09297207	0.78877914
-1.9347227	-0.9633605	-1.3675911	1.0456367	0.7229418	-0.8863501	0.8633403	0.34521204	2.4651535	-0.25712913
-0.42838863	-0.29750362	0.61889297	-1.0676663	-0.0064112055	0.45766845	-0.0869769	0.38883522	0.55420446	-2.1385808
-0.6124175	-0.10183138	-0.7817947	0.7358142	-1.2359675	-0.13659988	-0.5418223	1.8279732	-0.18224587	-1.9896389
-1.2919484	-1.604167	-0.97476393	0.9535301	1.0341004	0.95213103	-1.5691111	0.35671756	0.11060223	-1.2708207
2.2762513	0.79517907	1.2712547	-0.6281537	-0.8662202	0.28902018	-0.28657252	1.3411611	-1.1890289	-0.9437705
0.30445993	0.8838471	0.6523015	-0.71231526	-0.55008703	1.0781616	1.3111778	-0.59995854	-1.1071858	-1.7928942
0.4637709	0.932336	-2.4324403	-0.26061943	-2.140729	0.20802438	0.8861632	0.3911269	-0.021306623	1.520332
-0.9060605	1.3992261	1.9356537	2.4408212	-0.9008141	-2.1448605	1.1915245	0.036514122	1.0816807	0.22011413
-1.7991415	-0.43169197	-1.21696	-1.3219719	-0.63563365	-0.20051803	-1.2927617	-2.4108243	-0.6962885	-0.18132633
-1.0489445	1.9132677	0.8281493	-3.5991786	-0.44900724	-1.8660454	1.2944107	1.6808969	-0.30292097	1.38591
-1.8946152	0.5166441	-1.0020705	0.063474506	-0.3450204	1.5940472	-2.510918	-2.579795	-2.2769778	0.37186456
-0.8928924	-1.062224	2.641768	-0.024977867	0.92090243	0.072122835	-1.2819908	0.7215903	0.37236595	1.1872103
-1.054491	-2.8254852	-1.9536861	-2.019522	1.5137855	-0.4379223	-1.2485571	-0.88869953	0.1181536	0.39794192
-0.20453729	-1.6301728	-0.6831784	-1.8996325	-0.046047136	-0.6772037	-0.7153834	-0.48493183	-1.4544151	-2.7755015
0.3275078	0.6822967	-1.0643771	-0.094820626	1.6558691	0.2427913	-1.1564633	0.69011277	0.12055547	-0.3180048
1.7937002	-2.3120441	0.62570214	-2.1682823	0.8124789	-2.207425	0.19353476	-0.9945572	0.9876443	-0.4660146
-0.63500327	-0.79878426	1.5752913	0.215238	1.8654656	0.09152284	-0.014811541	-0.4030161	-0.66116107	1.766159
0.2830131	1.8905705	-0.5747112	0.25044256	-1.4265242	2.3221872	0.25958988	-0.61622846	-0.06491065	1.6857654
-0.6239841	0.4056009	-0.91427785	-1.9928068	0.36221352	-0.57844776	1.5340555	-0.27115458	0.52476764	-0.004945853
-1.1954613	-1.7116451	-0.25382602	-1.9101565	-0.5256147	2.0808601	1.25021	0.9418787	1.3827711	0.044139024
-1.9008583	1.0780848	-0.831086	1.9780582	0.22012186	0.15212944	-1.2817364	0.33847937	-2.0898404	0.14759225
0.09211629	0.44264182	-0.9572749	-2.4926674	0.98166555	0.8204056	-3.7762604	-1.1261972	-3.2483218	-0.38924506
0.053628564	-1.2245836	-1.0356752	0.1680715	0.687186	0.2555546	-2.0485148	-0.9474702	0.72056365	1.3328987
-0.27469838	-1.5557532	-1.3864474	0.51874834	-0.2626302	-0.7089867	-0.94808286	0.42617467	0.53119266	2.07405
-0.62688184	-1.3718576	0.61431533	-0.14548708	1.0327661	0.8623935	-0.14469539	-1.0806566	-1.5565274	-2.9709148
-2.3700564	-1.824244	0.21404386	0.5839856	0.12244873	-0.07045948	-2.0935533	0.084451415	0.92696595	0.29159638
0.93996245	0.5704479	-0.8726226	-0.6250247	0.035215832	0.36144245	-0.6685608	0.070260316	0.34310958	0.6376036
0.31020907	0.8246809	0.07399374	-0.5033871	-0.2877412	0.7394666	-2.3645656	0.18694015	1.4248427	-1.7947673
-0.83960086	-0.5308024	-2.2708297	-0.7826758	0.26240513	-1.2981597	-0.69896895	0.6234101	-0.7855258	-1.3686023
1.7657659	1.0908262	-1.1610436	-0.83061755	0.30010417	-0.39995164	-1.2695947	0.6711325	-0.511438	0.59856087
0.9514176	0.9951434	0.21630503	-1.1099521	1.087307	0.66552603	0.22989635	1.0567558	-1.76034	0.35109907
0.81899524	0.33012182	1.9610071	-1.3829951	1.8266817	1.4480593	-2.7311425	-0.9741576	-3.090238	0.40423903
1.4060796	-0.78539896	-0.41374776	-0.40631333	0.23368968	-0.48912007	1.5678086	1.1063193	0.51195943	-0.6105192
-0.25564903	-2.0668402	-0.9450126	0.8746709	-0.77715105	-1.466939	-1.7189376	2.037563	-0.03032746	0.8179904
1.4787935	-0.24671154	0.62900835	-0.52886355	-1.6960773	-1.683172	-2.0227332	-1.221223	0.31097955	-1.1762426
1.3107698	-1.9046682	0.44593698	1.6622149	0.4086651	-0.5305645	-1.5080198	0.24579693	-1.4515524	-2.5397353
0.11405929	-0.6389891	1.4481514	0.21556176	-0.9656243	0.44575498	-1.2407938	-0.6619118	2.407636	-0.7414136
-1.5924878	-2.8973074	1.0390401	0.7836392	-1.9520202	-0.36573184	2.4189832	-2.1287107	0.8566689	-0.54766405
0.3033796	0.993604	-1.3777279	-1.6025	1.0929148	0.7384429	-0.30907753	1.1880395	-0.7159821	0.56764525
-0.27824077	-1.5903816	0.06387607	-1.8564067	1.7125102	-0.031849314	0.34186912	0.4745252	1.4650497	0.3098951
-1.2846425	-1.465651	-1.8096292	1.6070839	-1.0711567	0.9757185	1.3200601	-0.84539175	1.8091176	0.64496696
-0.23430744	-0.35129812	0.24845207	-1.6300611	-2.400606	-0.025067674	-0.8111501	1.053628	-0.84684676	0.35003448
-1.2221624	0.18051884	-1.612912	0.17234415	-0.67503864	0.19825283	-1.0401797	-1.0187278	-2.9007568	-0.8602224
1.78187	-1.5272745	-0.7412078	2.0844803	0.06848962	1.9763751	-0.9318989	-1.8672553	-2.0290272	0.24507453
0.8032408	0.6670576	-0.97059244	0.4079512	0.47558355	-0.82068104	0.6920123	-0.8815864	-0.61002994	-0.040080283
0.62967306	-1.5037045	0.8495195	0.716015	-0.17908831	0.08146389	-0.39539635	1.0610522	-1.4234964	-2.656402
0.74466115	-1.1082113	-0.38536045	-0.1510618	1.5188982	-0.7583848	0.90105873	-2.157131	1.1715229	1.5649321
-0.82582325	-0.4689933	0.89869875	1.4887435	0.6431402	2.595785	-0.04621117	0.29599252	1.1936218	-0.57212996
-1.3687494	-2.459444	0.5850319	-0.5212343	1.3874086	-0.119071476	2.0988536	0.8108285	1.1177776	1.9744675
-1.721503	1.5947057	-1.3795507	-0.8001285	-1.6358545	-0.74099565	-0.64654845	0.2609072	0.5672261	0.044119366
0.68736434	-0.34568822	3.2647629	-1.2046773	1.9872613	1.1531042	-1.3998898	-1.4145881	-0.5913341	-0.4372622
0.7643478	1.127066	-1.7751532	0.11344882	-0.43751982	-0.447726	-0.79901373	-0.12913977	0.209896	-0.08883658
-0.72960335	0.20761241	2.1310058	0.90753603	0.4651151	0.8166581	-1.2635658	0.7165064	0.045157775	1.5718377
3.1971133	-0.60097855	0.67784786	0.032080557	-0.9621337	0.24803238	-0.1276146	1.2597393	0.295592	0.38502476
2.112695	0.35622445	2.0651	1.234002	-1.8849564	1.4244771	0.43377364	-2.135058	-1.1212119	-0.44891974
-2.0919583	1.7310576	-1.8591177	1.8605407	0.9504542	-2.2800782	0.6104327	-2.041766	-1.6418028	0.19223392
-0.25558674	-0.20273247	-1.395334	-1.3681083	0.74915004	-1.9680748	-1.165695	1.7830918	1.6939753	-1.3677204
-0.7921945	-0.7914773	0.5340971	-0.5503495	1.275435	-0.90293354	1.8916935	-0.15968631	1.1258837	1.1332815
0.292384	0.10024722	-0.24349742	0.11800482	-0.3888161	-0.8459282	-0.45826364	-0.20384495	1.9172322	-1.7336336
1.1958176	-0.35167688	-0.3709001	0.81133556	-0.48036087	-3.1717713	1.1243376	0.47079587	0.045296554	1.6475959
-2.1855567	0.116946205	1.0603676	0.32380918	0.03635138	-0.2047358	-0.9769954	-0.4645155	0.52357835	0.77665585
0.20572591	0.82737917	-1.1245418	0.60709786	-1.3490428	1.4225736	-0.5950848	0.8173827	-0.25522858	0.006504609
1.0424851	-0.9600891	0.01694967	-2.0906284	-0.07140155	-1.6472687	1.2988155	1.5040218	-0.9512454	-1.5291148
1.6108202	0.12782872	0.31216308	0.34249353	-1.1223313	-2.155731	1.2160134	-2.5410144	-0.7315306	1.522038
-2.2139142	1.0093352	-1.5629206	-0.86429816	0.8270696	-0.122047424	1.0690122	-1.8647776	-2.4414043	-2.380623
1.577622	-0.017052155	-0.7133524	0.5532434	1.6264186	-1.4257946	-0.9972743	1.6937441	-1.1096634	1.4050257
0.6267503	-1.4325349	-2.9291232	0.08837637	-0.73334014	-0.004106006	1.9500087	-0.55738443	0.28957963	-0.74686754
-0.29782608	-1.2703546	0.78367466	1.1154482	-2.4711664	-0.3852711	-0.7920559	-1.7233806	-1.3899968	-0.18611543
-2.8036687	0.024323063	-1.009084	0.8505669	-1.7132528	1.0162101	-2.0266595	1.5081307	-0.0966044	-1.3820871
2.2995121	0.8038969	-0.68745476	-0.48142305	-0.9971732	-0.29048872	-0.30139807	0.86772025	0.2339393	-0.55641955
-0.023913339	-0.8567368	1.5671477	-1.443498	1.8120809	-0.35131335	0.102154806	-2.1187108	0.69669247	-1.3037663
-2.1783009	-0.52020556	0.7620635	2.3677876	0.37160757	0.7749958	0.3176008	-0.81594086	1.3096076	-2.4100275
-1.4080324	0.39229622	-0.8405366	-1.3561957	0.34091416	2.0239346	1.3306195	0.562041	-0.69061524	0.07195524
-0.5493429	-1.0067035	1.1443672	1.680377	0.2650422	2.8950934	-0.7251459	2.1954746	-0.024401262	1.3291168
2.113845	1.060977	3.068994	1.6218066	0.03694498	-1.3860873	-0.45169535	0.81308013	-0.11968476	0.61874616
0.77045715	-1.2674747	-0.5029502	1.6746979	2.7607572	2.0901322	-0.5784561	-0.015242546	-0.421832	-0.6262372
-1.7655528	2.3044724	-1.747802	-0.9521654	1.010312	0.38267168	1.2863247	0.8841845	-1.6646385	-1.6073223
0.7827133	-0.9564563	0.13322547	0.072846174	-0.5746995	-0.9005622	-1.0673665	0.261149	-0.26741564	0.5982216
